travel_id,user_id,rating,comment,partner,time
1,3,3,"ăn không bao nhiêu mà chờ lâu quá",1,2
1,9,5,"khá mệt nhưng rất vui.",6,2
1,12,3,"không như quảng cáo",6,2
1,13,3,"Khá thất vọng, không được như mình tưởng",1,3
1,17,4,"ăn một lần cho biết vị thôi, chắc sẽ không quay lại",2,2
1,18,3,"Cũng tạm tạm, không đặc sắc lắm so với mấy quán khác.",3,1
1,99,5,"Sẽ quay lại lần nữa.",1,3
2,3,2,"Khá thất vọng, không được như mình tưởng",3,4
2,11,3,"không như quảng cáo",1,1
2,13,5,"Sẽ quay lại lần nữa.",5,4
2,14,4,"Không đẹp bằng những chỗ khác",5,4
2,15,3,"Không đẹp bằng những chỗ khác",2,2
2,16,3,"không đặc sắc lắm",2,1
2,17,4,"Không đẹp bằng những chỗ khác",1,2
2,18,5,"nên đi nhiều người",2,3
2,22,5,"ai chưa đi đều nên đi một lần cho biết",5,1
2,23,5,"nhìn tận mắt còn đẹp hơn xem qua ảnh",4,1
2,24,5,"Đúng chuẩn đặc sản",2,3
2,27,3,"Khá thất vọng, không được như mình tưởng",2,2
2,28,5,"Món ăn ngon, trình bày đẹp",1,1
2,31,5,"chơi rất vui",2,1
2,35,4,"đi 1 lần rồi thôi",1,1
2,37,5,"chơi rất vui",6,3
2,38,4,"không có gì đặc sắc lắm.",2,2
2,39,4,"Không đẹp bằng những chỗ khác",6,1
2,41,3,"Khá thất vọng, không được như mình tưởng",5,2
2,42,4,"khá hài lòng",2,3
2,44,5,"rất tuyệt với",4,1
2,48,3,"không như quảng cáo",5,2
2,51,3,"khá thất vọng",6,4
2,54,5,"chơi rất vui",5,2
2,55,5,"Sẽ quay lại lần nữa.",4,1
2,58,3,"Đồ ăn thì cũng ngon đó cơ mà giá chát quá",6,1
2,62,5,"khá mệt nhưng rất vui.",2,2
2,63,4,"đi 1 lần rồi thôi",2,3
2,65,2,"không như quảng cáo",6,4
2,68,4,"đi 1 lần rồi thôi",3,1
2,69,3,"đi 1 lần rồi thôi",1,4
2,74,5,"Vừa ngon vừa bổ vừa rẻ.",1,2
2,75,2,"rác bừa bãi, rất thất vọng",3,1
2,77,4,"đi 1 lần rồi thôi",2,3
2,80,5,"chơi rất vui",2,4
2,81,3,"khá thất vọng",1,4
2,84,5,"rất tuyệt với",4,1
2,85,4,"món ăn ngon, giá phải chăng",2,2
2,87,5,"sẽ giới thiệu thêm bạn bè tới",1,3
2,89,4,"Món ăn ngon, trình bày đẹp",5,4
2,91,5,"sẽ giới thiệu thêm bạn bè tới",3,1
2,92,4,"đi 1 lần rồi thôi",3,3
2,95,3,"Đồ ăn thì cũng ngon đó cơ mà giá chát quá",6,2
2,99,4,"đi 1 lần rồi thôi",6,3
3,1,4,"nhiều nơi có rác",6,3
3,16,5,"Cảm giác được hòa mình với thiên nhiên.",4,4
3,26,3,"khá hài lòng",3,1
3,29,2,"Khá thất vọng, không được như mình tưởng",4,4
3,32,4,"khá hài lòng",3,2
3,33,4,"đi 1 lần rồi thôi",5,3
3,35,4,"nên có thêm những trạm ứng cứu ven bờ",2,4
3,39,4,"đi 1 lần rồi thôi",1,1
3,45,3,"khá hài lòng",3,1
3,57,3,"đi 1 lần rồi thôi",4,1
3,60,3,"Khá thất vọng, không được như mình tưởng",6,3
3,64,3,"nhiều nơi có rác",5,4
3,65,3,"không như quảng cáo",6,3
3,72,3,"nhiều nơi có rác",3,3
3,78,5,"Sẽ quay lại lần nữa.",6,3
3,80,4,"nhiều nơi có rác",5,1
3,84,5,"Nên phát triển thêm các dịch vụ đi kèm.",3,2
3,95,3,"nên có thêm những trạm ứng cứu ven bờ",5,4
4,1,3,"đi 1 lần rồi thôi",2,1
4,7,4,"đi 1 lần rồi thôi",3,2
4,11,4,"Nên phát triển thêm các dịch vụ đi kèm.",1,2
4,24,5,"Sẽ quay lại lần nữa.",1,1
4,25,5,"rất thoáng đãng và mát mẻ",1,4
4,28,3,"Khá thất vọng, không được như mình tưởng",3,3
4,32,5,"rất tuyệt với",2,3
4,33,4,"Sẽ quay lại lần nữa.",2,1
4,35,4,"Sẽ quay lại lần nữa.",6,3
4,39,4,"đi 1 lần rồi thôi",2,4
4,46,4,"đi 1 lần rồi thôi",2,3
4,57,4,"khá hài lòng",4,4
4,60,5,"rất tuyệt với",3,1
4,64,3,"không như quảng cáo",5,4
4,65,5,"rất tuyệt với",6,1
4,78,2,"khá thất vọng",3,4
4,84,3,"đi 1 lần rồi thôi",5,3
4,95,5,"rất tuyệt với",2,1
4,96,5,"rất thoáng đãng và mát mẻ",5,3
5,1,3,"khá hài lòng",4,4
5,2,5,"Cảnh đẹp như tranh vậy",3,2
5,3,2,"Khá thất vọng, không được như mình tưởng",1,4
5,7,5,"khá mệt nhưng rất vui.",4,3
5,9,4,"Nên có thêm dịch vụ đi kèm",1,3
5,10,3,"đi 1 lần rồi thôi",2,1
5,11,1,"rác bừa bãi, rất thất vọng",3,3
5,13,5,"Rất đẹp và thơ mộng",4,2
5,14,2,"không như quảng cáo",6,1
5,15,3,"khá hài lòng",6,1
5,19,4,"nhìn tận mắt còn đẹp hơn xem qua ảnh",1,1
5,20,2,"không như quảng cáo",6,3
5,27,3,"Nước nhìn hơi đục, có rác nữa",2,1
5,28,3,"khá thất vọng",5,3
5,29,3,"đi 1 lần rồi thôi",3,3
5,30,2,"không như quảng cáo",3,1
5,37,5,"chơi rất vui",6,2
5,38,1,"rác bừa bãi, rất thất vọng",2,4
5,50,4,"Nên có thêm dịch vụ đi kèm",4,4
5,53,2,"không như quảng cáo",2,3
5,54,5,"Rất đẹp và thơ mộng",5,3
5,62,3,"khá hài lòng",5,4
5,65,3,"khá thất vọng",3,1
5,66,2,"khá thất vọng",3,3
5,71,2,"Khá thất vọng, không được như mình tưởng",3,2
5,72,5,"Nên có thêm dịch vụ đi kèm",3,3
5,74,4,"Sẽ quay lại lần nữa.",3,4
5,77,4,"Sẽ quay lại lần nữa.",4,3
5,78,5,"rất tuyệt với",2,4
5,81,3,"đi 1 lần rồi thôi",6,3
5,84,3,"khá thất vọng",2,4
5,89,5,"khá mệt nhưng rất vui.",5,2
5,93,5,"Rất đẹp và thơ mộng",4,3
6,2,3,"khá thất vọng",5,4
6,3,3,"Nước nhìn hơi đục, có rác nữa",2,2
6,4,3,"khá thất vọng",2,2
6,6,3,"đi 1 lần rồi thôi",4,4
6,8,5,"Trang thiết bị nhìn hơi cũ tí ạ",3,1
6,9,3,"không như quảng cáo",5,4
6,13,5,"Chơi rất vui",3,4
6,19,5,"Rất đẹp và thơ mộng",3,4
6,22,2,"khá thất vọng",4,1
6,23,2,"không như quảng cáo",6,3
6,25,2,"không như quảng cáo",5,2
6,27,5,"rất tuyệt với",2,4
6,28,3,"không như quảng cáo",2,4
6,31,2,"Khá thất vọng, không được như mình tưởng",3,2
6,37,4,"Sẽ quay lại lần nữa.",2,3
6,38,4,"Sẽ quay lại lần nữa.",6,4
6,44,5,"Rất đẹp và thơ mộng",1,4
6,45,5,"Nhiều địa điểm chụp ảnh đẹp, mình rất thích.",6,3
6,46,5,"Trang thiết bị nhìn hơi cũ tí ạ",1,2
6,50,4,"Sẽ quay lại lần nữa.",1,2
6,51,5,"rất tuyệt với",3,3
6,54,3,"khá thất vọng",1,1
6,55,5,"Cực kỳ tuyệt vời",6,1
6,57,3,"khá hài lòng",1,1
6,59,4,"Sẽ quay lại lần nữa.",3,2
6,62,3,"đi 1 lần rồi thôi",5,2
6,63,4,"Nhiều địa điểm chụp ảnh đẹp, mình rất thích.",4,2
6,66,5,"Sẽ quay lại lần nữa.",1,3
6,71,4,"Trang thiết bị nhìn hơi cũ tí ạ",3,1
6,73,4,"Nên có thêm dịch vụ đi kèm",3,4
6,74,4,"đi 1 lần rồi thôi",3,3
6,75,4,"Trang thiết bị nhìn hơi cũ tí ạ",1,2
6,78,5,"Cực kỳ tuyệt vời",3,1
6,79,4,"khá hài lòng",2,3
6,81,5,"Chơi rất vui",5,3
6,82,4,"Trang thiết bị nhìn hơi cũ tí ạ",4,2
6,87,2,"rác bừa bãi, rất thất vọng",2,2
6,88,3,"đi 1 lần rồi thôi",6,2
6,89,5,"Cực kỳ tuyệt vời",5,2
6,90,2,"khá thất vọng",6,1
6,92,5,"Sẽ quay lại lần nữa.",3,2
6,94,2,"Khá thất vọng, không được như mình tưởng",4,3
6,95,5,"Rất đẹp và thơ mộng",5,2
6,96,4,"khá hài lòng",4,3
6,97,2,"không như quảng cáo",2,2
6,100,3,"khá hài lòng",5,4
7,7,2,"khá thất vọng",2,2
7,10,2,"không như quảng cáo",5,1
7,14,5,"rất tuyệt với",2,2
7,17,3,"Đi một lần rồi thôi",4,1
7,19,2,"không như quảng cáo",4,2
7,20,4,"Những ai chưa đi đều nên đến đây một lần.",1,4
7,26,3,"Không đẹp bằng những chỗ khác",5,2
7,28,3,"Không đẹp bằng những chỗ khác",2,4
7,29,4,"chụp được rất nhiều hình đẹp, khá thích.",5,4
7,40,3,"Không đẹp bằng những chỗ khác",3,3
7,44,3,"khá hài lòng",3,1
7,48,3,"đi 1 lần rồi thôi",6,3
7,55,4,"Sẽ quay lại lần nữa.",6,4
7,57,4,"chụp được rất nhiều hình đẹp, khá thích.",6,1
7,59,3,"khá hài lòng",4,2
7,69,3,"Không đẹp bằng những chỗ khác",3,4
7,71,5,"rất tuyệt với",2,2
7,80,3,"đi 1 lần rồi thôi",4,1
7,82,3,"đi 1 lần rồi thôi",4,4
7,88,4,"Những ai chưa đi đều nên đến đây một lần.",1,4
7,93,4,"chụp được rất nhiều hình đẹp, khá thích.",1,4
7,95,4,"Những ai chưa đi đều nên đến đây một lần.",5,1
7,96,4,"Sẽ quay lại lần nữa.",6,1
8,2,4,"đi 1 lần rồi thôi",6,2
8,9,5,"rất tuyệt với",4,2
8,10,3,"nhìn khá chán, nhiều rác nữa",1,4
8,12,4,"đi 1 lần rồi thôi",3,4
8,16,3,"khá thất vọng",6,1
8,17,3,"không như quảng cáo",4,2
8,21,5,"Sẽ quay lại lần nữa.",3,2
8,22,5,"rất tuyệt với",6,1
8,23,3,"Khá thất vọng, không được như mình tưởng",5,4
8,24,4,"đi 1 lần rồi thôi",2,2
8,25,3,"đi 1 lần rồi thôi",1,3
8,27,3,"nhìn khá chán, nhiều rác nữa",5,2
8,32,5,"rất tuyệt với",6,2
8,33,5,"ai chưa đi đều nên đi một lần cho biết",5,1
8,34,3,"nhìn khá chán, nhiều rác nữa",3,4
8,36,5,"Sẽ quay lại lần nữa.",2,1
8,37,5,"nhìn tận mắt còn đẹp hơn xem qua ảnh",5,3
8,38,2,"nhìn khá chán, nhiều rác nữa",2,4
8,39,5,"Sẽ quay lại lần nữa.",6,4
8,41,2,"Khá thất vọng, không được như mình tưởng",5,1
8,42,2,"khá thất vọng",2,4
8,45,4,"khá hài lòng",6,1
8,53,3,"Khá thất vọng, không được như mình tưởng",3,3
8,55,4,"đi 1 lần rồi thôi",5,2
8,56,5,"rất tuyệt với",2,3
8,57,5,"ai chưa đi đều nên đi một lần cho biết",3,1
8,58,4,"đi 1 lần rồi thôi",4,4
8,64,4,"khá hài lòng",4,1
8,70,5,"Chơi rất vui",3,1
8,74,4,"đi 1 lần rồi thôi",6,4
8,76,5,"rất tuyệt với",4,3
8,80,4,"Sẽ quay lại lần nữa.",1,1
8,85,3,"Khá thất vọng, không được như mình tưởng",2,4
8,93,5,"ai chưa đi đều nên đi một lần cho biết",3,3
8,95,5,"Cảnh đẹp như tranh vậy",3,4
8,96,4,"đi 1 lần rồi thôi",3,4
9,2,2,"nhìn khá chán, nhiều rác nữa",4,1
9,7,3,"nhìn khá chán, nhiều rác nữa",6,3
9,10,4,"nhìn tận mắt còn đẹp hơn xem qua ảnh",6,1
9,13,2,"khá thất vọng",1,2
9,19,5,"Sẽ quay lại lần nữa.",2,4
9,22,1,"rác bừa bãi, rất thất vọng",1,1
9,29,4,"Nhiều địa điểm chụp ảnh đẹp, mình rất thích.",4,1
9,30,5,"ai chưa đi đều nên đi một lần cho biết",3,2
9,36,5,"nhìn tận mắt còn đẹp hơn xem qua ảnh",5,4
9,37,5,"Cảnh đẹp như tranh vậy",3,4
9,38,2,"nhìn khá chán, nhiều rác nữa",5,4
9,53,5,"rất tuyệt với",6,1
9,63,4,"không có gì đặc sắc lắm.",2,1
9,66,5,"Sẽ quay lại lần nữa.",5,1
9,72,5,"Nhiều địa điểm chụp ảnh đẹp, mình rất thích.",6,3
9,75,4,"Sẽ quay lại lần nữa.",3,3
9,77,4,"nhìn tận mắt còn đẹp hơn xem qua ảnh",3,3
9,78,5,"ai chưa đi đều nên đi một lần cho biết",2,1
9,88,5,"rất tuyệt với",4,2
9,89,3,"đi 1 lần rồi thôi",3,2
9,95,5,"Sẽ quay lại lần nữa.",5,1
10,2,2,"nhìn khá chán, nhiều rác nữa",2,2
10,4,5,"Không khí rất dễ chịu",1,2
10,5,5,"Cảm giác được hòa mình với thiên nhiên.",1,1
10,6,5,"Không khí rất dễ chịu",6,1
10,9,5,"đáng với công sức bỏ ra",2,4
10,13,2,"không như quảng cáo",5,3
10,17,5,"rất hùng vĩ",5,3
10,19,2,"Khá thất vọng, không được như mình tưởng",2,4
10,22,4,"nhìn tận mắt còn đẹp hơn xem qua ảnh",5,3
10,25,2,"nhìn khá chán, nhiều rác nữa",5,1
10,27,1,"rác bừa bãi, rất thất vọng",3,4
10,29,5,"Nhiều địa điểm chụp ảnh đẹp, mình rất thích.",1,1
10,30,2,"khá thất vọng",1,4
10,32,5,"rất hùng vĩ",4,1
10,42,3,"đi 1 lần rồi thôi",4,1
10,51,5,"Cảm giác được hòa mình với thiên nhiên.",4,4
10,53,5,"rất tuyệt với",1,2
10,54,5,"Sẽ quay lại lần nữa.",1,2
10,57,5,"Sẽ quay lại lần nữa.",4,2
10,60,4,"Sẽ quay lại lần nữa.",3,3
10,62,5,"rất hùng vĩ",3,1
10,64,5,"Cảnh đẹp như tranh vậy",4,4
10,68,4,"Sẽ quay lại lần nữa.",3,3
10,72,4,"khá hài lòng",1,2
10,75,5,"rất tuyệt với",4,1
10,77,5,"rất tuyệt với",5,2
10,84,5,"Luôn thích những nơi hoang sơ như thế này",4,1
10,86,5,"Nhiều địa điểm chụp ảnh đẹp, mình rất thích.",4,1
10,87,3,"nhìn khá chán, nhiều rác nữa",4,3
10,88,5,"Sẽ quay lại lần nữa.",2,1
10,89,2,"không như quảng cáo",5,1
10,99,5,"rất tuyệt với",1,3
11,7,5,"rất tuyệt với",2,4
11,11,4,"Không đẹp bằng những chỗ khác",6,3
11,13,5,"Nhiều địa điểm chụp ảnh đẹp, mình rất thích.",4,2
11,14,2,"khá thất vọng",1,3
11,15,4,"Sẽ quay lại lần nữa.",4,1
11,20,4,"Không đẹp bằng những chỗ khác",2,2
11,21,4,"Sẽ quay lại lần nữa.",2,2
11,24,4,"Những ai chưa đi đều nên đến đây một lần.",3,4
11,26,5,"rất tuyệt với",1,3
11,30,4,"Những ai chưa đi đều nên đến đây một lần.",1,4
11,32,3,"Đi một lần rồi thôi",4,2
11,39,4,"Sẽ quay lại lần nữa.",1,2
11,44,4,"chụp được rất nhiều hình đẹp, khá thích.",1,3
11,54,3,"đi 1 lần rồi thôi",5,4
11,55,4,"khá hài lòng",1,2
11,59,3,"Không đẹp bằng những chỗ khác",3,2
11,60,5,"rất tuyệt với",5,3
11,63,3,"đi 1 lần rồi thôi",3,4
11,69,2,"khá thất vọng",5,3
11,77,3,"Không đẹp bằng những chỗ khác",6,2
11,78,4,"Những ai chưa đi đều nên đến đây một lần.",4,2
12,7,3,"không như quảng cáo",4,3
12,12,4,"Những ai chưa đi đều nên đến đây một lần.",4,2
12,13,3,"không như quảng cáo",1,3
12,14,3,"Không đẹp bằng những chỗ khác",5,4
12,19,2,"khá thất vọng",4,1
12,21,5,"rất tuyệt với",4,1
12,24,4,"khá hài lòng",5,1
12,26,3,"đi 1 lần rồi thôi",4,1
12,40,4,"Không đẹp bằng những chỗ khác",5,1
12,45,5,"Nhiều địa điểm chụp ảnh đẹp, mình rất thích.",2,1
12,46,4,"Những ai chưa đi đều nên đến đây một lần.",5,1
12,48,4,"Không đẹp bằng những chỗ khác",1,3
12,54,3,"Không đẹp bằng những chỗ khác",1,1
12,55,4,"Những ai chưa đi đều nên đến đây một lần.",1,2
12,57,4,"đi 1 lần rồi thôi",4,2
12,60,2,"không như quảng cáo",6,2
12,63,5,"rất tuyệt với",6,2
12,69,4,"Đi một lần rồi thôi",4,3
12,77,4,"Những ai chưa đi đều nên đến đây một lần.",6,4
12,80,4,"Đi một lần rồi thôi",4,1
12,93,3,"khá hài lòng",1,2
12,96,4,"đi 1 lần rồi thôi",4,2
12,100,5,"Những ai chưa đi đều nên đến đây một lần.",1,3
13,1,4,"rất thoáng đãng và mát mẻ",6,2
13,2,4,"Sẽ quay lại lần nữa.",6,4
13,4,2,"khá thất vọng",5,3
13,18,3,"Đồ ăn cũng tạm được, giá hợp lý.",1,4
13,19,3,"đi 1 lần rồi thôi",3,1
13,20,4,"Món ăn ngon, trình bày đẹp",2,2
13,24,4,"Sẽ quay lại lần nữa.",2,3
13,25,2,"Khá thất vọng, không được như mình tưởng",4,4
13,26,5,"Cảm giác được hòa mình với thiên nhiên.",5,4
13,32,3,"nhiều nơi có rác",6,1
13,34,2,"không như quảng cáo",1,2
13,36,4,"nhìn tận mắt còn đẹp hơn xem qua ảnh",6,2
13,37,3,"khá thất vọng",5,3
13,38,5,"ai chưa đi đều nên đi một lần cho biết",5,3
13,43,2,"khá thất vọng",6,4
13,45,5,"rất tuyệt với",1,3
13,47,4,"món ăn ngon, giá phải chăng",1,1
13,51,3,"Đồ ăn cũng tạm được, giá hợp lý.",6,3
13,56,2,"nhìn khá chán, nhiều rác nữa",5,3
13,58,2,"Cũng tạm tạm, không đặc sắc lắm so với mấy quán khác.",1,4
13,59,5,"rất tuyệt với",1,3
13,60,4,"đi 1 lần rồi thôi",6,2
13,62,4,"Đúng chuẩn đặc sản",1,3
13,66,3,"khá hài lòng",1,4
13,69,5,"khá mệt nhưng rất vui.",4,4
13,70,4,"không có gì đặc sắc lắm.",1,2
13,80,4,"Sẽ quay lại lần nữa.",3,3
13,82,5,"rất tuyệt với",3,1
13,84,2,"không như quảng cáo",3,3
13,89,2,"khá thất vọng",4,3
13,90,2,"nhìn khá chán, nhiều rác nữa",1,4
13,92,5,"chơi rất vui",6,4
13,93,3,"đi 1 lần rồi thôi",2,4
13,95,5,"Cảnh đẹp như tranh vậy",6,1
14,2,2,"nhìn khá chán, nhiều rác nữa",5,4
14,3,3,"khá hài lòng",1,2
14,4,4,"đi 1 lần rồi thôi",5,4
14,7,2,"nhìn khá chán, nhiều rác nữa",6,3
14,8,2,"khá thất vọng",5,3
14,12,5,"chơi rất vui",1,4
14,17,3,"Đồ ăn thì cũng ngon đó cơ mà giá chát quá",4,2
14,19,5,"chơi rất vui",5,3
14,20,2,"khá thất vọng",5,2
14,26,4,"Sẽ quay lại lần nữa.",6,2
14,31,2,"khá thất vọng",2,2
14,32,5,"sẽ giới thiệu thêm bạn bè tới",1,4
14,39,5,"Sẽ quay lại lần nữa.",6,2
14,41,3,"khá hài lòng",3,2
14,42,2,"nhìn khá chán, nhiều rác nữa",5,4
14,43,4,"đi 1 lần rồi thôi",5,4
14,45,4,"Sẽ quay lại lần nữa.",3,1
14,48,3,"nên có thêm những trạm ứng cứu ven bờ",4,4
14,51,5,"Cảm giác được hòa mình với thiên nhiên.",2,1
14,54,5,"khá mệt nhưng rất vui.",1,2
14,55,3,"khá hài lòng",5,3
14,56,5,"ai chưa đi đều nên đi một lần cho biết",5,2
14,58,4,"ăn một lần cho biết vị thôi, chắc sẽ không quay lại",4,2
14,59,3,"khá hài lòng",1,1
14,63,5,"ai chưa đi đều nên đi một lần cho biết",4,3
14,65,5,"rất tuyệt với",5,3
14,66,4,"khá hài lòng",6,1
14,70,3,"đi 1 lần rồi thôi",3,4
14,72,5,"ai chưa đi đều nên đi một lần cho biết",1,2
14,86,3,"nhìn khá chán, nhiều rác nữa",5,2
14,92,4,"Sẽ quay lại lần nữa.",4,3
14,96,5,"Cảnh đẹp như tranh vậy",6,4
15,4,5,"rất tuyệt với",5,2
15,5,5,"rất tuyệt với",5,3
15,9,2,"khá thất vọng",2,4
15,13,4,"Sẽ quay lại lần nữa.",2,1
15,22,4,"không có gì đặc sắc lắm.",4,2
15,23,4,"đi 1 lần rồi thôi",1,2
15,25,5,"rất tuyệt với",2,1
15,28,5,"ai chưa đi đều nên đi một lần cho biết",1,3
15,29,5,"Nhiều địa điểm chụp ảnh đẹp, mình rất thích.",1,3
15,31,4,"khá hài lòng",4,2
15,34,2,"khá thất vọng",6,1
15,36,4,"Nhiều địa điểm chụp ảnh đẹp, mình rất thích.",1,3
15,37,5,"Cảnh đẹp như tranh vậy",1,2
15,38,3,"không có gì đặc sắc lắm.",3,3
15,43,4,"Nên có thêm dịch vụ đi kèm",1,1
15,44,3,"Khá thất vọng, không được như mình tưởng",1,2
15,48,5,"rất tuyệt với",1,2
15,51,2,"Khá thất vọng, không được như mình tưởng",1,4
15,53,3,"nhìn khá chán, nhiều rác nữa",4,1
15,55,2,"khá thất vọng",5,2
15,56,3,"không như quảng cáo",5,4
15,57,3,"không đặc sắc lắm",3,4
15,58,5,"nên đi nhiều người",6,3
15,59,5,"nên đi nhiều người",1,1
15,60,5,"Nhiều địa điểm chụp ảnh đẹp, mình rất thích.",3,4
15,70,5,"ai chưa đi đều nên đi một lần cho biết",5,1
15,72,3,"nhìn khá chán, nhiều rác nữa",1,3
15,73,2,"không như quảng cáo",1,3
15,78,5,"Sẽ quay lại lần nữa.",4,4
15,84,4,"khá hài lòng",1,4
15,86,5,"Sẽ quay lại lần nữa.",1,3
15,87,3,"Khá thất vọng, không được như mình tưởng",3,1
15,88,3,"không đặc sắc lắm",5,1
15,89,5,"chơi rất vui",1,2
15,90,3,"không có gì đặc sắc lắm.",4,3
15,93,4,"nhìn tận mắt còn đẹp hơn xem qua ảnh",3,2
15,94,5,"Nên có thêm dịch vụ đi kèm",1,3
15,99,3,"không có gì đặc sắc lắm.",1,4
16,11,4,"đi 1 lần rồi thôi",6,4
16,13,5,"chụp được rất nhiều hình đẹp, khá thích.",1,4
16,15,5,"Những ai chưa đi đều nên đến đây một lần.",3,4
16,19,4,"Đi một lần rồi thôi",3,1
16,24,5,"Những ai chưa đi đều nên đến đây một lần.",5,3
16,26,4,"khá hài lòng",5,4
16,39,3,"khá thất vọng",3,4
16,44,3,"Khá thất vọng, không được như mình tưởng",4,1
16,46,4,"khá hài lòng",5,1
16,48,3,"không như quảng cáo",3,3
16,54,4,"đi 1 lần rồi thôi",1,3
16,56,5,"rất tuyệt với",5,3
16,60,3,"khá thất vọng",6,4
16,88,4,"Không đẹp bằng những chỗ khác",2,2
16,93,3,"khá thất vọng",6,3
16,100,4,"Đi một lần rồi thôi",2,3
17,1,3,"đi 1 lần rồi thôi",6,4
17,7,5,"nhìn tận mắt còn đẹp hơn xem qua ảnh",5,1
17,11,2,"rác bừa bãi, rất thất vọng",1,3
17,16,1,"rác bừa bãi, rất thất vọng",6,2
17,22,4,"nhìn tận mắt còn đẹp hơn xem qua ảnh",4,4
17,25,4,"đi 1 lần rồi thôi",5,2
17,27,3,"khá thất vọng",6,3
17,33,5,"ai chưa đi đều nên đi một lần cho biết",1,2
17,35,4,"rất thoáng đãng và mát mẻ",4,4
17,38,3,"khá thất vọng",4,1
17,45,5,"rất tuyệt với",2,1
17,46,3,"không như quảng cáo",6,4
17,48,3,"khá thất vọng",4,2
17,51,5,"Cảm giác được hòa mình với thiên nhiên.",6,3
17,60,5,"Cảnh đẹp như tranh vậy",4,3
17,64,5,"Không khí rất dễ chịu",6,2
17,65,5,"rất thoáng đãng và mát mẻ",2,4
17,77,2,"không như quảng cáo",5,2
17,78,4,"Nhiều địa điểm chụp ảnh đẹp, mình rất thích.",4,4
17,84,4,"đi 1 lần rồi thôi",2,3
17,86,3,"khá hài lòng",6,1
17,95,5,"Nhiều địa điểm chụp ảnh đẹp, mình rất thích.",1,1
18,5,4,"Sẽ quay lại lần nữa.",1,2
18,6,3,"đi 1 lần rồi thôi",5,4
18,7,2,"không như quảng cáo",5,2
18,11,2,"Khá thất vọng, không được như mình tưởng",3,3
18,12,2,"khá thất vọng",1,2
18,15,2,"không như quảng cáo",6,3
18,20,2,"khá thất vọng",3,4
18,23,4,"Rất thích hợp để sống ảo.",5,4
18,25,3,"đi 1 lần rồi thôi",6,3
18,26,2,"khá thất vọng",2,3
18,33,3,"Nên có biện pháp xử lý những người bán rong chèo kéo khách.",4,1
18,36,2,"khá thất vọng",5,3
18,38,5,"Cảm giác được hòa mình với thiên nhiên.",3,4
18,41,2,"không như quảng cáo",1,2
18,42,3,"đi 1 lần rồi thôi",1,2
18,46,2,"khá thất vọng",4,2
18,50,5,"đi nhiều nơi rồi chưa nơi nào được như nơi này.",5,3
18,51,3,"Nên có thêm các dịch vụ kèm theo",4,2
18,56,3,"Nên có biện pháp xử lý những người bán rong chèo kéo khách.",5,2
18,58,4,"Đường đi xa nhưng khi tới nơi cảm giác rất thoải mái",4,3
18,60,3,"Nên có biện pháp xử lý những người bán rong chèo kéo khách.",4,1
18,62,3,"Nên có thêm các dịch vụ kèm theo",3,1
18,65,4,"Sẽ quay lại lần nữa.",3,4
18,66,2,"không như quảng cáo",6,3
18,69,4,"chụp được rất nhiều hình đẹp, khá thích.",4,2
18,70,4,"Đường đi xa nhưng khi tới nơi cảm giác rất thoải mái",2,4
18,71,3,"Không đẹp bằng những chỗ khác",4,2
18,73,4,"Sẽ quay lại lần nữa.",5,2
18,80,5,"Cảm giác được hòa mình với thiên nhiên.",5,1
18,84,2,"Khá thất vọng, không được như mình tưởng",5,1
18,86,2,"không như quảng cáo",6,4
18,88,2,"Khá thất vọng, không được như mình tưởng",1,1
18,89,4,"Sẽ quay lại lần nữa.",6,1
18,90,5,"rất tuyệt với",2,2
18,91,2,"Khá thất vọng, không được như mình tưởng",5,3
18,93,2,"Khá thất vọng, không được như mình tưởng",6,2
18,95,3,"khá hài lòng",1,3
18,99,2,"không như quảng cáo",2,3
19,4,2,"khá thất vọng",2,2
19,7,3,"khá hài lòng",1,3
19,11,4,"chụp được rất nhiều hình đẹp, khá thích.",1,2
19,14,3,"đi 1 lần rồi thôi",3,1
19,22,2,"khá thất vọng",3,4
19,24,4,"chụp được rất nhiều hình đẹp, khá thích.",1,3
19,28,3,"khá thất vọng",6,1
19,29,3,"Không đẹp bằng những chỗ khác",4,2
19,30,3,"đi 1 lần rồi thôi",6,3
19,34,4,"Sẽ quay lại lần nữa.",5,1
19,35,4,"Những ai chưa đi đều nên đến đây một lần.",3,1
19,38,5,"rất tuyệt với",2,1
19,39,5,"Nhiều địa điểm chụp ảnh đẹp, mình rất thích.",6,1
19,40,2,"Khá thất vọng, không được như mình tưởng",5,4
19,45,4,"chụp được rất nhiều hình đẹp, khá thích.",2,2
19,48,3,"Không đẹp bằng những chỗ khác",6,1
19,54,4,"Những ai chưa đi đều nên đến đây một lần.",6,3
19,58,5,"rất tuyệt với",3,4
19,59,3,"khá hài lòng",2,1
19,62,4,"khá hài lòng",6,3
19,65,3,"Nên có thêm các dịch vụ kèm theo",1,4
19,70,5,"nên có thêm những nơi như thế này",1,1
19,77,5,"Những ai chưa đi đều nên đến đây một lần.",6,3
19,79,5,"Rất yên bình",1,4
19,80,3,"đi 1 lần rồi thôi",1,2
19,93,5,"rất tuyệt với",5,1
20,3,2,"Phục vụ rất tồi, vệ sinh không tốt lắm.",4,3
20,4,2,"không như quảng cáo",3,2
20,5,5,"ai chưa đi đều nên đi một lần cho biết",4,4
20,14,2,"Khá thất vọng, không được như mình tưởng",4,2
20,15,4,"Nên có thêm dịch vụ đi kèm",5,4
20,16,3,"khá hài lòng",6,4
20,19,2,"Khá thất vọng, không được như mình tưởng",6,1
20,22,5,"rất tuyệt với",1,2
20,23,5,"Rất đẹp và thơ mộng",6,4
20,29,4,"không có gì đặc sắc lắm.",3,3
20,32,5,"thích những nơi hoang sơ",6,4
20,33,2,"không như quảng cáo",4,4
20,35,3,"nhiều nơi có rác",4,1
20,37,2,"nhìn khá chán, nhiều rác nữa",1,2
20,43,3,"Đồ ăn cũng tạm được, giá hợp lý.",3,4
20,44,4,"Sẽ quay lại lần nữa.",5,1
20,46,3,"ăn một lần cho biết vị thôi, chắc sẽ không quay lại",5,4
20,48,4,"Nên có thêm dịch vụ đi kèm",2,2
20,51,5,"rất tuyệt với",3,3
20,53,5,"ai chưa đi đều nên đi một lần cho biết",1,1
20,54,4,"Nước nhìn hơi đục, có rác nữa",4,2
20,60,5,"Nhiều địa điểm chụp ảnh đẹp, mình rất thích.",1,3
20,66,4,"Nhiều địa điểm chụp ảnh đẹp, mình rất thích.",2,3
20,70,3,"đi 1 lần rồi thôi",2,2
20,71,4,"đi 1 lần rồi thôi",4,1
20,74,4,"món ăn ngon, giá phải chăng",5,4
20,77,2,"nhìn khá chán, nhiều rác nữa",1,2
20,80,3,"đi 1 lần rồi thôi",5,1
20,82,5,"rất tuyệt với",6,1
20,86,2,"Khá thất vọng, không được như mình tưởng",6,3
20,88,4,"đi 1 lần rồi thôi",6,1
20,91,3,"khá hài lòng",5,2
20,93,5,"Đúng chuẩn đặc sản",4,3
20,98,3,"khá hài lòng",3,3
20,99,3,"đi 1 lần rồi thôi",1,3
20,100,5,"Cảm giác được hòa mình với thiên nhiên.",2,2
21,4,2,"không như quảng cáo",1,1
21,7,3,"không có gì đặc sắc lắm.",6,3
21,10,3,"không như quảng cáo",3,2
21,12,3,"Khá thất vọng, không được như mình tưởng",4,4
21,18,3,"đi 1 lần rồi thôi",6,2
21,20,3,"khá thất vọng",1,2
21,23,5,"rất tuyệt với",1,3
21,24,1,"Phục vụ rất tồi, vệ sinh không tốt lắm.",3,2
21,26,5,"Nên phát triển thêm các dịch vụ đi kèm.",5,2
21,28,5,"rất tuyệt với",5,1
21,29,4,"Sẽ quay lại lần nữa.",5,2
21,30,3,"không như quảng cáo",5,1
21,37,2,"rác bừa bãi, rất thất vọng",2,2
21,38,3,"Khá thất vọng, không được như mình tưởng",5,2
21,42,2,"nhìn khá chán, nhiều rác nữa",3,2
21,46,5,"rất tuyệt với",2,4
21,48,5,"Không khí rất dễ chịu",2,3
21,49,4,"Đồ ăn thì cũng ngon đó cơ mà giá chát quá",2,2
21,52,5,"rất thoáng đãng và mát mẻ",2,3
21,53,3,"khá thất vọng",6,4
21,54,5,"Vừa ngon vừa bổ vừa rẻ.",3,3
21,56,3,"đi 1 lần rồi thôi",5,1
21,62,5,"món ăn ngon, giá phải chăng",2,1
21,66,4,"khá hài lòng",4,3
21,70,5,"nhìn tận mắt còn đẹp hơn xem qua ảnh",3,1
21,74,4,"ăn một lần cho biết vị thôi, chắc sẽ không quay lại",5,1
21,77,3,"đi 1 lần rồi thôi",5,3
21,81,3,"không đặc sắc lắm",4,4
21,82,3,"đi 1 lần rồi thôi",1,4
21,84,5,"sẽ giới thiệu thêm bạn bè tới",3,4
21,88,3,"nhìn khá chán, nhiều rác nữa",3,3
21,90,5,"Cảnh đẹp như tranh vậy",1,1
21,91,3,"đi 1 lần rồi thôi",1,2
21,92,3,"Khá thất vọng, không được như mình tưởng",6,4
21,93,2,"không như quảng cáo",5,2
21,96,2,"rác bừa bãi, rất thất vọng",6,4
21,99,3,"Khá thất vọng, không được như mình tưởng",3,4
21,100,5,"Không khí rất dễ chịu",4,1
22,5,2,"nhìn khá chán, nhiều rác nữa",2,1
22,10,2,"nhìn khá chán, nhiều rác nữa",1,2
22,11,2,"không như quảng cáo",5,2
22,13,2,"Khá thất vọng, không được như mình tưởng",5,4
22,19,3,"Nước nhìn hơi đục, có rác nữa",6,3
22,23,3,"đi 1 lần rồi thôi",1,3
22,28,4,"Sẽ quay lại lần nữa.",2,1
22,29,3,"nhìn khá chán, nhiều rác nữa",1,4
22,30,2,"không như quảng cáo",4,2
22,36,2,"không như quảng cáo",2,4
22,37,4,"nhìn tận mắt còn đẹp hơn xem qua ảnh",4,4
22,38,3,"đi 1 lần rồi thôi",6,4
22,41,3,"đi 1 lần rồi thôi",5,3
22,42,2,"Khá thất vọng, không được như mình tưởng",2,1
22,43,3,"Nước nhìn hơi đục, có rác nữa",2,4
22,48,3,"đi 1 lần rồi thôi",4,4
22,50,3,"khá hài lòng",6,1
22,51,5,"rất tuyệt với",4,4
22,53,4,"đi 1 lần rồi thôi",6,3
22,58,3,"khá hài lòng",6,3
22,59,4,"Sẽ quay lại lần nữa.",4,2
22,60,5,"Cảnh đẹp như tranh vậy",5,3
22,63,3,"Khá thất vọng, không được như mình tưởng",5,3
22,71,4,"Nên có thêm dịch vụ đi kèm",3,1
22,74,2,"khá thất vọng",2,4
22,78,2,"không như quảng cáo",3,4
22,81,3,"khá hài lòng",4,3
22,86,2,"Khá thất vọng, không được như mình tưởng",1,1
22,88,5,"Cảnh đẹp như tranh vậy",4,2
22,89,3,"không có gì đặc sắc lắm.",5,2
22,90,4,"không có gì đặc sắc lắm.",5,3
22,93,5,"Sẽ quay lại lần nữa.",1,1
22,94,2,"không như quảng cáo",4,4
22,95,3,"đi 1 lần rồi thôi",6,2
22,96,5,"rất tuyệt với",2,3
22,97,2,"Khá thất vọng, không được như mình tưởng",2,1
22,99,3,"đi 1 lần rồi thôi",1,3
22,100,2,"không như quảng cáo",3,3
23,2,3,"khá hài lòng",3,3
23,5,4,"không có gì đặc sắc lắm.",4,2
23,9,4,"đáng với công sức bỏ ra",1,4
23,10,4,"đi 1 lần rồi thôi",5,1
23,11,5,"rất tuyệt với",4,4
23,13,4,"đáng với công sức bỏ ra",1,4
23,16,3,"Khá thất vọng, không được như mình tưởng",5,4
23,17,5,"rất hùng vĩ",4,1
23,23,2,"khá thất vọng",1,1
23,24,5,"Luôn thích những nơi hoang sơ như thế này",1,1
23,25,4,"không có gì đặc sắc lắm.",5,2
23,28,1,"rác bừa bãi, rất thất vọng",1,2
23,29,5,"Luôn thích những nơi hoang sơ như thế này",5,4
23,30,4,"đi 1 lần rồi thôi",4,4
23,33,4,"khá hài lòng",2,4
23,36,5,"ai chưa đi đều nên đi một lần cho biết",4,2
23,45,4,"Sẽ quay lại lần nữa.",1,3
23,48,3,"không khí rất dễ chịu",6,4
23,50,3,"nhiều nơi có rác",5,4
23,51,5,"rất hùng vĩ",1,1
23,54,5,"rất tuyệt với",6,2
23,56,2,"khá thất vọng",6,4
23,57,5,"nhìn tận mắt còn đẹp hơn xem qua ảnh",4,3
23,59,2,"rác bừa bãi, rất thất vọng",3,2
23,75,1,"rác bừa bãi, rất thất vọng",6,1
23,76,5,"rất tuyệt với",2,2
23,80,3,"đi 1 lần rồi thôi",2,1
23,86,3,"không có gì đặc sắc lắm.",1,1
23,88,3,"nhìn khá chán, nhiều rác nữa",5,2
23,89,5,"Sẽ quay lại lần nữa.",3,2
23,90,2,"Khá thất vọng, không được như mình tưởng",4,2
23,93,3,"Khá thất vọng, không được như mình tưởng",6,1
23,95,2,"Khá thất vọng, không được như mình tưởng",2,1
23,96,5,"Cảnh đẹp như tranh vậy",5,2
23,98,4,"nhiều nơi có rác",4,2
23,99,3,"không như quảng cáo",6,1
24,2,5,"rất tuyệt với",1,2
24,5,5,"Luôn thích những nơi hoang sơ như thế này",6,4
24,6,5,"rất hùng vĩ",2,1
24,7,2,"không như quảng cáo",3,3
24,10,4,"đi 1 lần rồi thôi",5,3
24,12,4,"khá hài lòng",6,1
24,14,3,"Khá thất vọng, không được như mình tưởng",1,3
24,20,2,"Khá thất vọng, không được như mình tưởng",6,4
24,24,5,"Luôn thích những nơi hoang sơ như thế này",1,1
24,32,4,"Không đẹp bằng những chỗ khác",6,3
24,34,5,"Cảm giác được hòa mình với thiên nhiên.",2,3
24,35,5,"Những ai chưa đi đều nên đến đây một lần.",2,3
24,36,4,"khá hài lòng",2,1
24,40,3,"đi 1 lần rồi thôi",4,3
24,44,2,"khá thất vọng",2,4
24,45,3,"khá thất vọng",4,3
24,48,4,"khá hài lòng",1,4
24,51,5,"Luôn thích những nơi hoang sơ như thế này",1,2
24,54,3,"đi 1 lần rồi thôi",4,3
24,55,5,"Nhiều địa điểm chụp ảnh đẹp, mình rất thích.",4,1
24,56,2,"không như quảng cáo",1,3
24,57,3,"khá thất vọng",1,2
24,59,4,"Không đẹp bằng những chỗ khác",1,3
24,60,4,"khá hài lòng",6,1
24,64,5,"Cảm giác được hòa mình với thiên nhiên.",5,4
24,66,5,"rất tuyệt với",3,2
24,68,2,"khá thất vọng",1,3
24,74,5,"rất hùng vĩ",3,3
24,77,5,"Sẽ quay lại lần nữa.",1,1
24,80,3,"không như quảng cáo",3,3
24,85,5,"Sẽ quay lại lần nữa.",2,4
24,86,4,"khá hài lòng",2,3
24,88,3,"khá hài lòng",6,1
24,89,3,"không như quảng cáo",1,3
24,90,5,"rất tuyệt với",2,3
24,93,4,"đi 1 lần rồi thôi",5,3
24,95,4,"đi 1 lần rồi thôi",6,2
24,96,5,"Nhiều địa điểm chụp ảnh đẹp, mình rất thích.",6,1
24,99,3,"Khá thất vọng, không được như mình tưởng",5,4
24,100,5,"Những ai chưa đi đều nên đến đây một lần.",4,3
25,5,4,"không có gì đặc sắc lắm.",2,2
25,17,4,"Sẽ quay lại lần nữa.",6,4
25,19,2,"không như quảng cáo",3,2
25,25,2,"Khá thất vọng, không được như mình tưởng",2,4
25,29,5,"rất tuyệt với",5,1
25,33,5,"Cảnh đẹp như tranh vậy",5,3
25,34,2,"khá thất vọng",1,3
25,37,3,"không có gì đặc sắc lắm.",1,3
25,42,5,"Cảnh đẹp như tranh vậy",3,1
25,44,3,"không có gì đặc sắc lắm.",4,4
25,48,5,"rất tuyệt với",4,1
25,53,2,"nhìn khá chán, nhiều rác nữa",5,3
25,62,5,"rất tuyệt với",5,1
25,66,5,"Cảnh đẹp như tranh vậy",5,1
25,71,5,"Rất đẹp và thơ mộng",4,1
25,72,3,"không có gì đặc sắc lắm.",4,2
25,74,5,"rất tuyệt với",3,1
25,78,2,"Khá thất vọng, không được như mình tưởng",2,3
25,80,5,"rất tuyệt với",6,1
25,81,2,"Khá thất vọng, không được như mình tưởng",4,4
25,90,2,"không như quảng cáo",1,2
25,100,2,"Khá thất vọng, không được như mình tưởng",5,4
26,9,5,"đẹp hơn mình tưởng nhiều",6,4
26,11,5,"rất tuyệt với",3,1
26,13,3,"đi 1 lần rồi thôi",4,4
26,28,3,"khá thất vọng",1,3
26,30,5,"Không khí rất trang nghiêm",2,3
26,42,2,"Khá thất vọng, không được như mình tưởng",6,4
26,45,5,"Sẽ quay lại lần nữa.",6,3
26,57,4,"đi 1 lần rồi thôi",3,4
26,64,5,"đẹp hơn mình tưởng nhiều",2,2
26,72,2,"khá thất vọng",4,2
26,73,4,"rất ấn tượng",3,2
26,74,3,"Khá thất vọng, không được như mình tưởng",3,2
26,80,4,"đông người quá nên trải nghiệm không tốt lắm",3,3
26,86,3,"khá hài lòng",1,3
26,88,5,"rất tuyệt với",2,2
26,92,5,"rất tuyệt với",4,1
26,99,4,"đi 1 lần rồi thôi",1,2
27,6,5,"rất tuyệt với",4,3
27,7,3,"không như quảng cáo",2,3
27,9,5,"Cảm giác được hòa mình với thiên nhiên.",6,1
27,10,5,"Sẽ quay lại lần nữa.",4,1
27,11,5,"rất tuyệt với",3,4
27,13,3,"đi 1 lần rồi thôi",6,1
27,16,2,"Khá thất vọng, không được như mình tưởng",6,2
27,17,2,"Khá thất vọng, không được như mình tưởng",5,3
27,19,5,"Nhiều địa điểm chụp ảnh đẹp, mình rất thích.",1,1
27,23,5,"Cảm giác được hòa mình với thiên nhiên.",1,3
27,24,3,"khá thất vọng",2,1
27,29,2,"không như quảng cáo",3,4
27,30,5,"ai chưa đi đều nên đi một lần cho biết",1,4
27,31,2,"không như quảng cáo",5,4
27,34,3,"đi 1 lần rồi thôi",1,4
27,37,3,"nhìn khá chán, nhiều rác nữa",5,1
27,38,5,"ai chưa đi đều nên đi một lần cho biết",1,4
27,48,5,"Cảm giác được hòa mình với thiên nhiên.",6,4
27,54,5,"Sẽ quay lại lần nữa.",2,3
27,56,5,"Cảnh đẹp như tranh vậy",5,3
27,57,4,"Sẽ quay lại lần nữa.",6,4
27,59,5,"Cảnh đẹp như tranh vậy",2,2
27,60,4,"Sẽ quay lại lần nữa.",2,4
27,74,2,"khá thất vọng",4,4
27,84,3,"không như quảng cáo",6,2
27,86,3,"không như quảng cáo",3,2
27,87,4,"không có gì đặc sắc lắm.",1,2
27,93,4,"khá hài lòng",5,3
27,95,3,"không có gì đặc sắc lắm.",5,1
27,96,5,"Cảnh đẹp như tranh vậy",6,2
28,11,3,"đi 1 lần rồi thôi",6,1
28,12,3,"Khá thất vọng, không được như mình tưởng",4,1
28,14,5,"Nhiều địa điểm chụp ảnh đẹp, mình rất thích.",6,1
28,15,5,"chụp được rất nhiều hình đẹp, khá thích.",5,3
28,19,5,"Nhiều địa điểm chụp ảnh đẹp, mình rất thích.",6,2
28,21,4,"đi 1 lần rồi thôi",3,4
28,26,5,"chụp được rất nhiều hình đẹp, khá thích.",2,3
28,28,3,"Khá thất vọng, không được như mình tưởng",4,2
28,29,4,"Không đẹp bằng những chỗ khác",3,3
28,30,5,"Sẽ quay lại lần nữa.",4,3
28,32,3,"không như quảng cáo",4,2
28,35,5,"Nhiều địa điểm chụp ảnh đẹp, mình rất thích.",3,4
28,39,5,"Những ai chưa đi đều nên đến đây một lần.",5,1
28,40,5,"Nhiều địa điểm chụp ảnh đẹp, mình rất thích.",3,3
28,42,4,"Không đẹp bằng những chỗ khác",3,1
28,44,5,"Nhiều địa điểm chụp ảnh đẹp, mình rất thích.",2,3
28,45,5,"chụp được rất nhiều hình đẹp, khá thích.",5,1
28,54,5,"Nhiều địa điểm chụp ảnh đẹp, mình rất thích.",3,1
28,57,4,"khá hài lòng",3,1
28,59,5,"Sẽ quay lại lần nữa.",5,3
28,69,3,"không như quảng cáo",4,3
28,80,4,"Đi một lần rồi thôi",4,4
28,82,3,"Không đẹp bằng những chỗ khác",2,1
28,93,3,"Khá thất vọng, không được như mình tưởng",5,2
28,95,3,"không như quảng cáo",2,3
28,96,4,"khá hài lòng",3,2
28,100,4,"Đi một lần rồi thôi",2,1
29,2,5,"rất tuyệt với",3,3
29,11,5,"Nhiều địa điểm chụp ảnh đẹp, mình rất thích.",2,4
29,14,5,"Nhiều địa điểm chụp ảnh đẹp, mình rất thích.",1,4
29,15,4,"Những ai chưa đi đều nên đến đây một lần.",2,3
29,20,3,"Không đẹp bằng những chỗ khác",4,1
29,24,5,"rất tuyệt với",1,1
29,29,3,"Khá thất vọng, không được như mình tưởng",2,2
29,30,4,"đi 1 lần rồi thôi",2,4
29,45,5,"rất tuyệt với",1,1
29,56,5,"rất tuyệt với",4,3
29,60,5,"rất tuyệt với",1,4
29,69,3,"Không đẹp bằng những chỗ khác",4,4
29,71,2,"không như quảng cáo",1,2
29,77,5,"Sẽ quay lại lần nữa.",1,4
29,80,4,"Đi một lần rồi thôi",5,4
29,93,3,"không như quảng cáo",4,1
30,2,3,"đi 1 lần rồi thôi",4,1
30,11,5,"rất tuyệt với",3,1
30,12,3,"Đi một lần rồi thôi",5,1
30,17,5,"Nhiều địa điểm chụp ảnh đẹp, mình rất thích.",3,4
30,19,5,"rất tuyệt với",5,1
30,20,3,"Đi một lần rồi thôi",3,4
30,24,5,"chụp được rất nhiều hình đẹp, khá thích.",1,4
30,26,2,"khá thất vọng",1,2
30,29,5,"rất tuyệt với",5,2
30,32,3,"Đi một lần rồi thôi",2,4
30,35,3,"khá hài lòng",4,2
30,40,2,"khá thất vọng",6,4
30,48,4,"Đi một lần rồi thôi",2,1
30,55,2,"khá thất vọng",3,1
30,56,4,"Những ai chưa đi đều nên đến đây một lần.",6,4
30,57,3,"đi 1 lần rồi thôi",1,2
30,59,5,"Những ai chưa đi đều nên đến đây một lần.",3,2
30,63,4,"Đi một lần rồi thôi",6,3
30,69,2,"không như quảng cáo",3,1
30,71,2,"không như quảng cáo",2,4
30,77,4,"chụp được rất nhiều hình đẹp, khá thích.",3,1
30,80,5,"Sẽ quay lại lần nữa.",6,3
30,82,5,"chụp được rất nhiều hình đẹp, khá thích.",6,3
31,1,5,"Vừa ngon vừa bổ vừa rẻ.",4,3
31,8,5,"sẽ giới thiệu thêm bạn bè tới",5,3
31,10,4,"Đúng chuẩn đặc sản",4,3
31,13,2,"không như quảng cáo",4,3
31,20,3,"ăn một lần cho biết vị thôi, chắc sẽ không quay lại",3,4
31,21,3,"ăn không bao nhiêu mà chờ lâu quá",2,1
31,41,2,"khá thất vọng",2,1
31,43,3,"Khá thất vọng, không được như mình tưởng",2,4
31,46,5,"Sẽ quay lại lần nữa.",6,4
31,49,2,"Cũng tạm tạm, không đặc sắc lắm so với mấy quán khác.",6,4
31,51,5,"Đúng chuẩn đặc sản",6,3
31,54,3,"khá hài lòng",2,1
31,55,3,"ăn không bao nhiêu mà chờ lâu quá",2,2
31,60,5,"sẽ giới thiệu thêm bạn bè tới",1,4
31,65,2,"ăn không bao nhiêu mà chờ lâu quá",4,1
31,70,2,"Cũng tạm tạm, không đặc sắc lắm so với mấy quán khác.",3,4
31,72,4,"món ăn ngon, giá phải chăng",3,2
31,84,4,"Sẽ quay lại lần nữa.",2,2
31,89,4,"Đồ ăn cũng tạm được, giá hợp lý.",6,1
31,93,4,"Đồ ăn cũng tạm được, giá hợp lý.",2,2
31,94,5,"Vừa ngon vừa bổ vừa rẻ.",1,1
31,95,2,"Khá thất vọng, không được như mình tưởng",2,1
31,96,3,"khá hài lòng",3,4
32,1,4,"Món ăn ngon, trình bày đẹp",4,1
32,3,3,"Đồ ăn cũng tạm được, giá hợp lý.",6,4
32,7,4,"Sẽ quay lại lần nữa.",4,1
32,10,4,"món ăn ngon, giá phải chăng",3,2
32,13,2,"ăn không bao nhiêu mà chờ lâu quá",5,4
32,20,2,"ăn không bao nhiêu mà chờ lâu quá",1,2
32,30,3,"Đồ ăn thì cũng ngon đó cơ mà giá chát quá",3,4
32,43,4,"Đồ ăn thì cũng ngon đó cơ mà giá chát quá",4,1
32,44,3,"đi 1 lần rồi thôi",6,1
32,45,3,"ăn một lần cho biết vị thôi, chắc sẽ không quay lại",3,2
32,46,4,"đi 1 lần rồi thôi",2,1
32,51,5,"rất tuyệt với",5,4
32,54,5,"Vừa ngon vừa bổ vừa rẻ.",6,2
32,55,5,"Sẽ quay lại lần nữa.",6,3
32,60,4,"ăn một lần cho biết vị thôi, chắc sẽ không quay lại",5,2
32,62,3,"khá hài lòng",1,3
32,65,4,"Sẽ quay lại lần nữa.",3,4
32,72,5,"rất tuyệt với",3,3
32,73,4,"Sẽ quay lại lần nữa.",5,3
32,74,4,"Đồ ăn cũng tạm được, giá hợp lý.",3,2
32,82,3,"Khá thất vọng, không được như mình tưởng",6,1
32,84,4,"Đúng chuẩn đặc sản",3,3
32,85,2,"Khá thất vọng, không được như mình tưởng",5,3
32,86,3,"ăn một lần cho biết vị thôi, chắc sẽ không quay lại",3,1
32,87,3,"Đồ ăn cũng tạm được, giá hợp lý.",6,3
32,91,2,"khá thất vọng",2,2
32,94,2,"Khá thất vọng, không được như mình tưởng",5,4
32,95,3,"đi 1 lần rồi thôi",5,2
32,96,5,"rất tuyệt với",3,3
33,3,3,"khá thất vọng",5,3
33,8,4,"Đồ ăn thì cũng ngon đó cơ mà giá chát quá",1,4
33,10,2,"Phục vụ rất tồi, vệ sinh không tốt lắm.",6,4
33,13,4,"khá hài lòng",4,1
33,16,2,"không như quảng cáo",1,1
33,17,4,"Đồ ăn thì cũng ngon đó cơ mà giá chát quá",5,3
33,21,3,"không như quảng cáo",4,3
33,24,3,"Cũng tạm tạm, không đặc sắc lắm so với mấy quán khác.",2,1
33,31,3,"khá thất vọng",2,2
33,37,3,"ăn không bao nhiêu mà chờ lâu quá",2,3
33,41,4,"ăn một lần cho biết vị thôi, chắc sẽ không quay lại",2,2
33,42,5,"rất tuyệt với",1,4
33,43,4,"khá hài lòng",5,3
33,45,5,"Đúng chuẩn đặc sản",1,2
33,47,4,"khá hài lòng",4,2
33,49,4,"món ăn ngon, giá phải chăng",4,4
33,58,5,"rất tuyệt với",2,1
33,59,3,"Cũng tạm tạm, không đặc sắc lắm so với mấy quán khác.",5,1
33,60,5,"Sẽ quay lại lần nữa.",2,1
33,70,5,"Sẽ quay lại lần nữa.",6,1
33,73,4,"Đồ ăn cũng tạm được, giá hợp lý.",2,3
33,78,4,"ăn một lần cho biết vị thôi, chắc sẽ không quay lại",6,3
33,82,5,"Món ăn ngon, trình bày đẹp",3,1
33,84,5,"món ăn ngon, giá phải chăng",3,3
33,85,4,"đi 1 lần rồi thôi",2,1
33,86,5,"Sẽ quay lại lần nữa.",3,3
33,91,4,"Đồ ăn cũng tạm được, giá hợp lý.",5,1
33,93,5,"Sẽ quay lại lần nữa.",4,4
33,94,3,"Cũng tạm tạm, không đặc sắc lắm so với mấy quán khác.",1,2
33,95,3,"không như quảng cáo",3,2
34,10,3,"đi 1 lần rồi thôi",5,4
34,13,5,"Sẽ quay lại lần nữa.",4,2
34,16,2,"ăn không bao nhiêu mà chờ lâu quá",1,2
34,20,5,"rất tuyệt với",5,1
34,21,4,"Đồ ăn cũng tạm được, giá hợp lý.",2,2
34,24,5,"sẽ giới thiệu thêm bạn bè tới",1,3
34,43,4,"ăn một lần cho biết vị thôi, chắc sẽ không quay lại",4,2
34,44,5,"sẽ giới thiệu thêm bạn bè tới",4,3
34,46,4,"Đồ ăn thì cũng ngon đó cơ mà giá chát quá",5,4
34,49,3,"không như quảng cáo",4,1
34,51,4,"Đúng chuẩn đặc sản",4,1
34,55,4,"Món ăn ngon, trình bày đẹp",6,1
34,70,2,"ăn không bao nhiêu mà chờ lâu quá",1,1
34,74,5,"Sẽ quay lại lần nữa.",5,1
34,85,2,"Khá thất vọng, không được như mình tưởng",4,2
34,86,4,"Đồ ăn thì cũng ngon đó cơ mà giá chát quá",4,2
34,87,3,"Cũng tạm tạm, không đặc sắc lắm so với mấy quán khác.",2,2
34,93,4,"Đồ ăn cũng tạm được, giá hợp lý.",3,3
34,96,5,"Đúng chuẩn đặc sản",4,3
35,1,3,"Khá thất vọng, không được như mình tưởng",6,1
35,3,3,"ăn không bao nhiêu mà chờ lâu quá",6,1
35,10,3,"Khá thất vọng, không được như mình tưởng",2,2
35,17,4,"Món ăn ngon, trình bày đẹp",2,4
35,20,3,"ăn một lần cho biết vị thôi, chắc sẽ không quay lại",4,2
35,31,5,"món ăn ngon, giá phải chăng",3,3
35,37,2,"Cũng tạm tạm, không đặc sắc lắm so với mấy quán khác.",1,4
35,39,3,"Cũng tạm tạm, không đặc sắc lắm so với mấy quán khác.",2,4
35,41,5,"rất tuyệt với",5,2
35,45,2,"khá thất vọng",3,2
35,47,5,"rất tuyệt với",2,2
35,58,2,"khá thất vọng",6,1
35,60,2,"ăn không bao nhiêu mà chờ lâu quá",3,1
35,62,4,"ăn một lần cho biết vị thôi, chắc sẽ không quay lại",5,3
35,66,5,"món ăn ngon, giá phải chăng",6,4
35,72,3,"ăn một lần cho biết vị thôi, chắc sẽ không quay lại",3,4
35,78,5,"sẽ giới thiệu thêm bạn bè tới",6,3
35,82,2,"không như quảng cáo",5,2
35,84,5,"rất tuyệt với",3,2
35,87,3,"đi 1 lần rồi thôi",3,4
35,91,3,"đi 1 lần rồi thôi",6,4
35,93,3,"khá hài lòng",6,2
36,7,5,"Món ăn ngon, trình bày đẹp",3,2
36,8,4,"khá hài lòng",1,3
36,10,5,"Sẽ quay lại lần nữa.",1,4
36,13,5,"Món ăn ngon, trình bày đẹp",1,2
36,17,4,"Đồ ăn cũng tạm được, giá hợp lý.",2,1
36,18,4,"Đồ ăn cũng tạm được, giá hợp lý.",5,1
36,21,5,"Vừa ngon vừa bổ vừa rẻ.",2,1
36,28,4,"Đồ ăn thì cũng ngon đó cơ mà giá chát quá",4,1
36,31,2,"Phục vụ rất tồi, vệ sinh không tốt lắm.",3,1
36,32,5,"Vừa ngon vừa bổ vừa rẻ.",5,2
36,39,5,"Đúng chuẩn đặc sản",3,3
36,41,3,"ăn không bao nhiêu mà chờ lâu quá",2,4
36,43,3,"khá thất vọng",6,2
36,46,5,"rất tuyệt với",6,1
36,47,4,"đi 1 lần rồi thôi",5,4
36,55,5,"Món ăn ngon, trình bày đẹp",3,3
36,65,5,"sẽ giới thiệu thêm bạn bè tới",1,3
36,66,5,"sẽ giới thiệu thêm bạn bè tới",3,4
36,70,3,"không như quảng cáo",2,4
36,78,4,"đi 1 lần rồi thôi",2,3
36,82,4,"Món ăn ngon, trình bày đẹp",3,4
36,85,5,"Đúng chuẩn đặc sản",1,4
36,89,4,"ăn một lần cho biết vị thôi, chắc sẽ không quay lại",3,3
36,93,5,"món ăn ngon, giá phải chăng",2,3
36,94,5,"rất tuyệt với",3,3
36,96,4,"Đồ ăn cũng tạm được, giá hợp lý.",4,2
37,1,5,"Vừa ngon vừa bổ vừa rẻ.",1,2
37,7,4,"khá hài lòng",1,4
37,13,3,"Đồ ăn thì cũng ngon đó cơ mà giá chát quá",3,2
37,17,3,"Khá thất vọng, không được như mình tưởng",2,3
37,24,4,"ăn một lần cho biết vị thôi, chắc sẽ không quay lại",4,2
37,30,5,"sẽ giới thiệu thêm bạn bè tới",1,3
37,31,5,"Món ăn ngon, trình bày đẹp",6,1
37,32,2,"khá thất vọng",4,3
37,37,2,"Cũng tạm tạm, không đặc sắc lắm so với mấy quán khác.",6,4
37,39,4,"Đúng chuẩn đặc sản",5,2
37,41,3,"khá hài lòng",1,2
37,42,4,"khá hài lòng",5,2
37,45,2,"Phục vụ rất tồi, vệ sinh không tốt lắm.",4,3
37,51,5,"Vừa ngon vừa bổ vừa rẻ.",6,2
37,58,5,"Món ăn ngon, trình bày đẹp",3,4
37,60,5,"Vừa ngon vừa bổ vừa rẻ.",2,2
37,62,2,"Phục vụ rất tồi, vệ sinh không tốt lắm.",3,3
37,65,3,"khá thất vọng",4,4
37,66,3,"ăn không bao nhiêu mà chờ lâu quá",3,1
37,73,5,"Đúng chuẩn đặc sản",4,1
37,89,3,"Khá thất vọng, không được như mình tưởng",5,4
37,95,3,"Cũng tạm tạm, không đặc sắc lắm so với mấy quán khác.",3,4
37,96,4,"Món ăn ngon, trình bày đẹp",2,1
38,3,2,"không như quảng cáo",1,3
38,7,2,"ăn không bao nhiêu mà chờ lâu quá",4,2
38,24,4,"Món ăn ngon, trình bày đẹp",5,3
38,28,4,"khá hài lòng",2,4
38,30,5,"Vừa ngon vừa bổ vừa rẻ.",4,2
38,31,3,"Cũng tạm tạm, không đặc sắc lắm so với mấy quán khác.",1,3
38,32,4,"Đồ ăn thì cũng ngon đó cơ mà giá chát quá",4,4
38,39,5,"món ăn ngon, giá phải chăng",6,2
38,41,5,"Món ăn ngon, trình bày đẹp",5,1
38,43,3,"không như quảng cáo",5,3
38,44,5,"Vừa ngon vừa bổ vừa rẻ.",2,2
38,45,5,"Vừa ngon vừa bổ vừa rẻ.",6,3
38,46,5,"sẽ giới thiệu thêm bạn bè tới",4,4
38,51,5,"sẽ giới thiệu thêm bạn bè tới",5,3
38,54,5,"Món ăn ngon, trình bày đẹp",2,2
38,55,5,"Món ăn ngon, trình bày đẹp",2,3
38,59,3,"Khá thất vọng, không được như mình tưởng",3,2
38,62,4,"Đồ ăn thì cũng ngon đó cơ mà giá chát quá",4,1
38,66,3,"Cũng tạm tạm, không đặc sắc lắm so với mấy quán khác.",1,1
38,70,4,"Đồ ăn thì cũng ngon đó cơ mà giá chát quá",2,2
38,72,2,"Phục vụ rất tồi, vệ sinh không tốt lắm.",4,3
38,73,2,"Phục vụ rất tồi, vệ sinh không tốt lắm.",3,1
38,74,2,"Cũng tạm tạm, không đặc sắc lắm so với mấy quán khác.",4,4
38,82,4,"Đồ ăn cũng tạm được, giá hợp lý.",1,1
38,84,4,"đi 1 lần rồi thôi",3,3
38,89,3,"Đồ ăn cũng tạm được, giá hợp lý.",5,4
38,93,4,"khá hài lòng",3,2
39,1,4,"ăn một lần cho biết vị thôi, chắc sẽ không quay lại",6,3
39,7,4,"đi 1 lần rồi thôi",4,1
39,13,3,"khá thất vọng",4,3
39,16,5,"Đúng chuẩn đặc sản",4,4
39,21,4,"Đồ ăn thì cũng ngon đó cơ mà giá chát quá",2,3
39,24,3,"Khá thất vọng, không được như mình tưởng",2,4
39,31,5,"Sẽ quay lại lần nữa.",5,4
39,37,5,"rất tuyệt với",2,3
39,41,3,"Cũng tạm tạm, không đặc sắc lắm so với mấy quán khác.",2,1
39,42,4,"Đồ ăn thì cũng ngon đó cơ mà giá chát quá",1,1
39,46,5,"sẽ giới thiệu thêm bạn bè tới",3,1
39,47,5,"Món ăn ngon, trình bày đẹp",4,1
39,49,5,"sẽ giới thiệu thêm bạn bè tới",6,1
39,51,4,"Đồ ăn cũng tạm được, giá hợp lý.",4,2
39,54,3,"không như quảng cáo",1,1
39,60,4,"đi 1 lần rồi thôi",6,1
39,65,3,"khá thất vọng",3,1
39,70,5,"Đúng chuẩn đặc sản",2,4
39,72,5,"Món ăn ngon, trình bày đẹp",2,3
39,73,5,"Sẽ quay lại lần nữa.",2,4
39,78,1,"Phục vụ rất tồi, vệ sinh không tốt lắm.",4,4
39,84,5,"rất tuyệt với",3,2
39,87,3,"đi 1 lần rồi thôi",2,3
39,91,4,"đi 1 lần rồi thôi",2,4
40,7,4,"Đồ ăn thì cũng ngon đó cơ mà giá chát quá",1,4
40,8,4,"Đồ ăn thì cũng ngon đó cơ mà giá chát quá",6,4
40,17,5,"Món ăn ngon, trình bày đẹp",2,3
40,32,3,"khá thất vọng",3,1
40,43,4,"Đồ ăn cũng tạm được, giá hợp lý.",3,3
40,47,4,"Đồ ăn cũng tạm được, giá hợp lý.",5,3
40,51,4,"Đồ ăn thì cũng ngon đó cơ mà giá chát quá",5,1
40,54,2,"Cũng tạm tạm, không đặc sắc lắm so với mấy quán khác.",2,3
40,58,4,"ăn một lần cho biết vị thôi, chắc sẽ không quay lại",4,2
40,62,2,"Phục vụ rất tồi, vệ sinh không tốt lắm.",5,2
40,66,3,"Khá thất vọng, không được như mình tưởng",5,3
40,70,4,"đi 1 lần rồi thôi",3,2
40,78,3,"ăn một lần cho biết vị thôi, chắc sẽ không quay lại",2,2
40,82,5,"Món ăn ngon, trình bày đẹp",3,2
40,91,3,"ăn không bao nhiêu mà chờ lâu quá",4,4
40,93,5,"Sẽ quay lại lần nữa.",6,4
40,94,3,"Khá thất vọng, không được như mình tưởng",4,4
41,1,4,"không đặc sắc lắm",5,2
41,3,3,"không như quảng cáo",5,3
41,7,3,"Khá thất vọng, không được như mình tưởng",4,1
41,11,4,"Thái độ phục vụ không tốt lắm.",1,2
41,18,3,"khá hài lòng",1,4
41,20,5,"rất tuyệt với",4,4
41,24,4,"đi 1 lần rồi thôi",2,2
41,25,3,"khá hài lòng",1,1
41,26,5,"rất thoáng đãng và mát mẻ",6,1
41,27,3,"không như quảng cáo",4,4
41,31,3,"khá thất vọng",3,4
41,34,5,"rất tuyệt với",1,4
41,35,5,"Sẽ quay lại lần nữa.",2,1
41,42,3,"khá thất vọng",2,3
41,44,5,"rất tuyệt với",3,1
41,48,3,"Khá thất vọng, không được như mình tưởng",3,1
41,49,5,"Rất sầm uất và nhộn nhịp.",3,3
41,52,5,"Rất tuyệt vời, sẽ giới thiệu thêm người quen.",6,1
41,53,3,"không như quảng cáo",3,3
41,57,5,"rất tuyệt với",2,4
41,58,3,"khá hài lòng",1,2
41,62,3,"khá thất vọng",4,1
41,63,5,"nên đi nhiều người",5,4
41,66,3,"khá thất vọng",3,3
41,67,4,"hơi đông người quá",6,1
41,69,3,"không như quảng cáo",2,3
41,72,4,"nên đi nhiều người",5,4
41,74,3,"Khá thất vọng, không được như mình tưởng",5,3
41,77,5,"Không khí rất tuyệt vời, sẽ quay lại",3,4
41,80,3,"Khá thất vọng, không được như mình tưởng",2,2
41,81,5,"chơi rất vui",1,3
41,86,5,"Dịch vụ rất tốt.",3,3
41,94,4,"Dịch vụ khá thường.",1,2
41,95,5,"rất tuyệt với",1,1
41,97,5,"Sẽ quay lại lần nữa.",1,4
41,99,3,"nhiều nơi có rác",3,3
42,10,3,"đi 1 lần rồi thôi",6,1
42,12,5,"khá mệt nhưng rất vui.",3,3
42,13,3,"khá hài lòng",1,4
42,18,3,"đi 1 lần rồi thôi",3,3
42,19,2,"khá thất vọng",3,3
42,20,4,"Sẽ quay lại lần nữa.",1,1
42,24,5,"Rất sầm uất và nhộn nhịp.",5,3
42,25,5,"Sẽ quay lại lần nữa.",6,1
42,28,5,"khá mệt nhưng rất vui.",1,1
42,29,4,"nên đi nhiều người",6,4
42,30,2,"khá thất vọng",2,1
42,34,2,"không như quảng cáo",2,4
42,35,4,"Sẽ quay lại lần nữa.",1,2
42,37,3,"không đặc sắc lắm",3,3
42,38,2,"Khá thất vọng, không được như mình tưởng",2,1
42,39,3,"nhiều nơi có rác",3,2
42,41,2,"Khá thất vọng, không được như mình tưởng",4,2
42,42,5,"chơi rất vui",2,2
42,45,3,"không đặc sắc lắm",1,3
42,46,2,"không như quảng cáo",2,3
42,54,3,"khá hài lòng",1,3
42,57,4,"nên đi nhiều người",4,1
42,59,3,"đi 1 lần rồi thôi",6,3
42,62,5,"chơi rất vui",5,4
42,66,3,"khá hài lòng",4,1
42,67,3,"khá hài lòng",1,2
42,73,3,"hơi đông người quá",1,4
42,75,2,"Khá thất vọng, không được như mình tưởng",3,4
42,77,3,"hơi đông người quá",3,2
42,80,2,"không như quảng cáo",3,4
42,85,5,"rất tuyệt với",6,3
42,88,4,"không đặc sắc lắm",4,2
42,92,5,"rất tuyệt với",6,4
43,1,5,"rất tuyệt với",1,1
43,2,5,"Cảm giác được hòa mình với thiên nhiên.",6,2
43,4,2,"khá thất vọng",4,2
43,6,5,"Dịch vụ khá thường.",4,3
43,7,2,"không như quảng cáo",1,3
43,8,3,"nhiều nơi có rác",1,1
43,12,3,"khá hài lòng",1,4
43,13,5,"khá mệt nhưng rất vui.",1,3
43,14,5,"Dịch vụ khá thường.",2,1
43,16,5,"chơi rất vui",6,2
43,19,2,"khá thất vọng",4,1
43,20,5,"Chất lượng chưa tương xứng với danh tiếng.",2,4
43,23,5,"rất tuyệt với",5,2
43,25,4,"Không khí rất dễ chịu",1,4
43,27,5,"rất tuyệt với",3,4
43,28,3,"khá hài lòng",1,1
43,29,4,"không đặc sắc lắm",1,3
43,30,5,"Sẽ quay lại lần nữa.",4,3
43,31,4,"đi 1 lần rồi thôi",4,2
43,32,5,"Không khí rất dễ chịu",5,4
43,33,4,"Không khí rất dễ chịu",5,3
43,34,3,"đi 1 lần rồi thôi",3,1
43,36,2,"Khá thất vọng, không được như mình tưởng",6,4
43,41,5,"rất tuyệt với",6,4
43,43,4,"Thái độ phục vụ không tốt lắm.",1,3
43,44,3,"khá thất vọng",1,4
43,45,3,"không đặc sắc lắm",2,4
43,46,2,"Khá thất vọng, không được như mình tưởng",6,2
43,48,2,"Khá thất vọng, không được như mình tưởng",3,4
43,52,5,"Dịch vụ rất tốt.",5,3
43,54,3,"không như quảng cáo",2,1
43,55,5,"khá mệt nhưng rất vui.",2,2
43,56,4,"không đặc sắc lắm",3,2
43,65,4,"khá hài lòng",6,1
43,66,5,"rất tuyệt với",6,3
43,71,5,"Rất thoải mái",4,3
43,73,5,"rất tuyệt với",6,3
43,76,4,"khá hài lòng",2,1
43,81,2,"Khá thất vọng, không được như mình tưởng",1,1
43,82,5,"Dịch vụ rất chuyên ngiệp.",4,1
43,84,4,"nên đi nhiều người",5,1
43,85,2,"khá thất vọng",5,2
43,89,4,"đi 1 lần rồi thôi",6,4
43,92,5,"rất tuyệt với",6,3
43,95,4,"khá hài lòng",6,1
43,96,5,"rất tuyệt với",6,2
43,99,5,"rất tuyệt với",1,2
44,3,3,"Khá thất vọng, không được như mình tưởng",5,4
44,4,4,"đi 1 lần rồi thôi",3,3
44,7,5,"khá mệt nhưng rất vui.",5,3
44,8,5,"rất thoáng đãng và mát mẻ",1,1
44,11,5,"Không khí rất dễ chịu",5,1
44,12,5,"chơi rất vui",3,4
44,16,5,"nên đi nhiều người",3,3
44,17,4,"đi 1 lần rồi thôi",4,3
44,20,3,"Khá thất vọng, không được như mình tưởng",3,2
44,29,5,"Không khí rất dễ chịu",5,1
44,30,5,"chơi rất vui",5,3
44,31,5,"rất tuyệt với",3,3
44,33,4,"khá hài lòng",1,1
44,35,3,"Khá thất vọng, không được như mình tưởng",6,1
44,36,5,"Sẽ quay lại lần nữa.",2,4
44,41,5,"khá mệt nhưng rất vui.",3,4
44,42,3,"Khá thất vọng, không được như mình tưởng",4,4
44,43,5,"Dịch vụ rất chuyên ngiệp.",4,1
44,44,3,"không như quảng cáo",6,2
44,48,5,"rất tuyệt với",5,2
44,54,3,"Khá thất vọng, không được như mình tưởng",3,4
44,55,4,"không đặc sắc lắm",1,3
44,56,4,"khá hài lòng",2,3
44,57,5,"rất tuyệt với",1,1
44,58,5,"chơi rất vui",1,4
44,59,5,"khá mệt nhưng rất vui.",6,1
44,60,3,"không như quảng cáo",4,1
44,63,4,"đi 1 lần rồi thôi",3,1
44,67,3,"không như quảng cáo",6,4
44,68,3,"khá thất vọng",3,2
44,69,4,"đi 1 lần rồi thôi",6,2
44,71,4,"đi 1 lần rồi thôi",1,2
44,72,4,"khá hài lòng",1,2
44,73,3,"Khá thất vọng, không được như mình tưởng",1,4
44,78,5,"khá mệt nhưng rất vui.",6,4
44,82,3,"khá thất vọng",6,4
44,88,5,"nên đi nhiều người",2,2
44,89,3,"khá thất vọng",2,1
44,92,5,"nên đi nhiều người",3,2
44,96,3,"không như quảng cáo",6,3
44,99,5,"khá mệt nhưng rất vui.",6,1
45,6,2,"không như quảng cáo",6,2
45,9,3,"khá thất vọng",2,1
45,11,5,"Dịch vụ rất chuyên ngiệp.",4,3
45,12,5,"Sẽ quay lại lần nữa.",2,3
45,16,5,"khá mệt nhưng rất vui.",1,3
45,19,5,"nên đi nhiều người",2,3
45,20,3,"đi 1 lần rồi thôi",1,1
45,25,3,"không như quảng cáo",5,3
45,30,5,"chơi rất vui",6,4
45,31,3,"Khá thất vọng, không được như mình tưởng",3,3
45,32,3,"Khá thất vọng, không được như mình tưởng",2,1
45,36,3,"Khá thất vọng, không được như mình tưởng",3,4
45,39,4,"nhiều nơi có rác",4,2
45,43,5,"rất tuyệt với",6,2
45,44,3,"không đặc sắc lắm",3,4
45,52,5,"Dịch vụ rất chuyên ngiệp.",4,4
45,54,5,"chơi rất vui",4,2
45,62,3,"khá thất vọng",1,2
45,63,5,"Rất thoải mái",1,1
45,65,4,"đi 1 lần rồi thôi",2,2
45,66,5,"Sẽ quay lại lần nữa.",6,4
45,68,5,"khá mệt nhưng rất vui.",6,3
45,69,2,"Khá thất vọng, không được như mình tưởng",5,1
45,71,4,"Rất thoải mái",3,1
45,73,3,"không như quảng cáo",5,4
45,84,5,"Rất tuyệt vời, sẽ giới thiệu thêm người quen.",5,1
45,86,5,"Dịch vụ khá thường.",6,4
45,87,5,"rất tuyệt với",6,3
45,88,5,"nên đi nhiều người",3,1
45,92,2,"khá thất vọng",6,2
45,93,4,"khá hài lòng",3,2
45,94,3,"không như quảng cáo",4,1
45,95,5,"Dịch vụ rất chuyên ngiệp.",1,1
45,96,5,"chơi rất vui",3,3
45,97,4,"nên đi nhiều người",1,2
45,99,5,"rất tuyệt với",1,4
46,2,5,"chụp được rất nhiều hình đẹp, khá thích.",4,1
46,7,4,"khá hài lòng",4,2
46,10,3,"khá hài lòng",4,4
46,11,3,"đi 1 lần rồi thôi",2,1
46,21,2,"không như quảng cáo",4,3
46,28,5,"Nhiều địa điểm chụp ảnh đẹp, mình rất thích.",2,4
46,32,2,"Khá thất vọng, không được như mình tưởng",6,3
46,42,4,"Đi một lần rồi thôi",1,4
46,46,3,"khá thất vọng",5,1
46,48,4,"Không đẹp bằng những chỗ khác",4,4
46,59,5,"Nhiều địa điểm chụp ảnh đẹp, mình rất thích.",6,1
46,60,4,"Đi một lần rồi thôi",3,4
46,71,3,"Đi một lần rồi thôi",3,2
46,78,5,"Sẽ quay lại lần nữa.",2,4
46,80,3,"Không đẹp bằng những chỗ khác",3,3
46,82,4,"đi 1 lần rồi thôi",3,1
46,88,4,"Những ai chưa đi đều nên đến đây một lần.",5,1
46,96,5,"Sẽ quay lại lần nữa.",2,4
47,1,4,"Đồ ăn thì cũng ngon đó cơ mà giá chát quá",6,2
47,7,3,"Đồ ăn thì cũng ngon đó cơ mà giá chát quá",6,3
47,8,3,"ăn một lần cho biết vị thôi, chắc sẽ không quay lại",4,3
47,13,5,"món ăn ngon, giá phải chăng",3,1
47,16,3,"không như quảng cáo",5,2
47,24,4,"Đồ ăn cũng tạm được, giá hợp lý.",2,2
47,28,5,"Đúng chuẩn đặc sản",5,3
47,30,4,"Đồ ăn thì cũng ngon đó cơ mà giá chát quá",3,4
47,32,4,"Đồ ăn cũng tạm được, giá hợp lý.",5,3
47,37,2,"không như quảng cáo",4,3
47,43,4,"Sẽ quay lại lần nữa.",1,1
47,44,3,"ăn không bao nhiêu mà chờ lâu quá",4,2
47,46,4,"đi 1 lần rồi thôi",1,2
47,47,3,"ăn không bao nhiêu mà chờ lâu quá",3,2
47,58,2,"Khá thất vọng, không được như mình tưởng",6,2
47,65,3,"ăn một lần cho biết vị thôi, chắc sẽ không quay lại",2,4
47,70,3,"Cũng tạm tạm, không đặc sắc lắm so với mấy quán khác.",4,1
47,72,4,"Đồ ăn thì cũng ngon đó cơ mà giá chát quá",6,3
47,73,5,"sẽ giới thiệu thêm bạn bè tới",3,1
47,85,4,"đi 1 lần rồi thôi",5,3
47,87,5,"rất tuyệt với",2,2
47,89,5,"món ăn ngon, giá phải chăng",5,2
47,91,2,"khá thất vọng",5,1
47,94,4,"món ăn ngon, giá phải chăng",4,4
47,96,3,"Đồ ăn thì cũng ngon đó cơ mà giá chát quá",5,3
48,11,5,"Rất tuyệt vời, sẽ giới thiệu thêm người quen.",3,3
48,12,5,"Chất lượng chưa tương xứng với danh tiếng.",6,3
48,14,4,"Rất thoải mái",4,3
48,18,4,"Sẽ quay lại lần nữa.",2,2
48,19,3,"không như quảng cáo",3,3
48,20,5,"Rất tuyệt vời, sẽ giới thiệu thêm người quen.",4,4
48,23,4,"đi 1 lần rồi thôi",5,4
48,24,4,"Dịch vụ khá thường.",4,2
48,37,4,"Rất thoải mái",1,4
48,42,2,"Khá thất vọng, không được như mình tưởng",4,1
48,44,3,"Thái độ phục vụ không tốt lắm.",2,4
48,52,3,"đi 1 lần rồi thôi",1,3
48,55,2,"không như quảng cáo",5,4
48,60,2,"khá thất vọng",4,3
48,62,5,"Dịch vụ rất tốt.",1,4
48,67,4,"khá hài lòng",5,4
48,73,5,"Rất tuyệt vời, sẽ giới thiệu thêm người quen.",1,3
48,78,5,"Dịch vụ rất tốt.",2,2
48,81,3,"Khá thất vọng, không được như mình tưởng",6,2
48,87,5,"Dịch vụ khá thường.",2,1
48,96,5,"Chất lượng chưa tương xứng với danh tiếng.",4,1
49,1,4,"không đặc sắc lắm",1,1
49,2,4,"đi 1 lần rồi thôi",4,1
49,3,5,"rất tuyệt với",5,2
49,7,5,"Nhiều địa điểm chụp ảnh đẹp, mình rất thích.",2,4
49,9,5,"khá mệt nhưng rất vui.",4,3
49,13,5,"Nhiều địa điểm chụp ảnh đẹp, mình rất thích.",2,1
49,18,5,"nên đi nhiều người",6,4
49,19,4,"đi 1 lần rồi thôi",3,4
49,21,3,"không như quảng cáo",4,2
49,32,3,"không như quảng cáo",4,4
49,33,3,"khá thất vọng",1,4
49,35,4,"khá hài lòng",3,3
49,39,4,"đi 1 lần rồi thôi",5,4
49,46,3,"khá thất vọng",5,3
49,54,3,"Khá thất vọng, không được như mình tưởng",3,2
49,58,5,"rất tuyệt với",6,1
49,59,3,"Khá thất vọng, không được như mình tưởng",6,4
49,60,5,"Những ai chưa đi đều nên đến đây một lần.",1,4
49,65,5,"rất tuyệt với",2,1
49,69,4,"khá hài lòng",1,2
49,71,5,"Những ai chưa đi đều nên đến đây một lần.",1,4
49,78,3,"không như quảng cáo",4,1
49,92,4,"khá hài lòng",6,2
49,93,5,"rất tuyệt với",6,3
49,95,5,"Sẽ quay lại lần nữa.",3,4
49,99,3,"khá thất vọng",3,2
49,100,3,"khá hài lòng",3,1
50,3,3,"nhiều nơi có rác",2,1
50,7,4,"khá hài lòng",3,4
50,11,3,"Khá thất vọng, không được như mình tưởng",3,1
50,20,5,"rất tuyệt với",5,2
50,24,4,"khá hài lòng",3,3
50,25,5,"Cảm giác được hòa mình với thiên nhiên.",4,1
50,28,4,"khá hài lòng",1,4
50,29,5,"Sẽ quay lại lần nữa.",5,2
50,32,5,"Cảm giác được hòa mình với thiên nhiên.",6,4
50,37,3,"khá thất vọng",6,3
50,46,5,"Sẽ quay lại lần nữa.",4,1
50,51,5,"Nên phát triển thêm các dịch vụ đi kèm.",6,2
50,57,4,"khá hài lòng",5,2
50,60,5,"Không khí rất dễ chịu",3,2
50,62,5,"Sẽ quay lại lần nữa.",6,3
50,65,3,"không như quảng cáo",2,3
50,72,4,"đi 1 lần rồi thôi",5,3
50,78,2,"Khá thất vọng, không được như mình tưởng",6,3
50,82,5,"Sẽ quay lại lần nữa.",4,3
50,96,5,"rất tuyệt với",2,1
50,99,4,"Sẽ quay lại lần nữa.",6,3
50,100,4,"nên có thêm những trạm ứng cứu ven bờ",6,4
51,1,2,"nên coi lại không tác dọn dẹp",1,2
51,9,5,"đẹp hơn mình tưởng nhiều",4,3
51,10,5,"rất tuyệt với",1,4
51,11,3,"đông người quá nên trải nghiệm không tốt lắm",6,3
51,16,5,"rất tuyệt với",3,3
51,20,3,"khá ghét những người bán rong.",2,4
51,30,3,"Khá thất vọng, không được như mình tưởng",6,2
51,38,5,"đẹp hơn mình tưởng nhiều",2,2
51,44,2,"không như quảng cáo",3,1
51,46,3,"khá hài lòng",2,1
51,48,5,"Không khí rất trang nghiêm",2,4
51,62,2,"khá thất vọng",5,1
51,64,2,"khá thất vọng",1,3
51,72,3,"khá thất vọng",4,2
51,73,5,"Không khí rất trang nghiêm",4,3
51,79,2,"khá thất vọng",6,4
51,86,2,"Khá thất vọng, không được như mình tưởng",6,4
51,88,3,"khá thất vọng",2,1
51,92,5,"Kiến trúc rất đẹp.",4,3
51,95,4,"Sẽ quay lại lần nữa.",1,1
51,98,3,"đông người quá nên trải nghiệm không tốt lắm",3,2
51,99,4,"đi 1 lần rồi thôi",2,1
52,1,5,"Kiến trúc rất đẹp.",3,4
52,9,4,"Sẽ quay lại lần nữa.",5,3
52,16,4,"Sẽ quay lại lần nữa.",3,2
52,22,3,"không hoành tráng lắm",2,4
52,28,3,"đi 1 lần rồi thôi",2,2
52,30,2,"khá ghét những người bán rong.",4,2
52,32,3,"đi 1 lần rồi thôi",3,3
52,38,1,"nên coi lại không tác dọn dẹp",2,4
52,42,5,"Kiến trúc rất đẹp.",2,1
52,45,3,"không hoành tráng lắm",3,1
52,64,2,"Khá thất vọng, không được như mình tưởng",3,3
52,73,5,"rất tuyệt với",4,4
52,74,1,"nên coi lại không tác dọn dẹp",2,1
52,78,3,"khá hài lòng",4,3
52,88,5,"Kiến trúc rất đẹp.",3,2
52,92,4,"không hoành tráng lắm",1,1
52,98,3,"khá ghét những người bán rong.",3,1
52,99,4,"rất ấn tượng",1,3
53,1,4,"đẹp hơn mình tưởng nhiều",4,4
53,6,3,"không hoành tráng lắm",3,2
53,9,2,"khá thất vọng",3,2
53,11,5,"Không khí rất trang nghiêm",1,1
53,13,4,"khá hài lòng",5,4
53,16,4,"đi 1 lần rồi thôi",5,3
53,24,2,"khá thất vọng",5,2
53,28,3,"khá ghét những người bán rong.",4,4
53,57,3,"khá ghét những người bán rong.",2,3
53,60,3,"khá ghét những người bán rong.",6,1
53,62,5,"Không khí rất trang nghiêm",2,4
53,79,5,"Kiến trúc rất đẹp.",2,1
53,80,2,"khá ghét những người bán rong.",5,1
53,85,1,"nên coi lại không tác dọn dẹp",5,1
53,86,5,"Kiến trúc rất đẹp.",3,4
53,92,5,"Không khí rất trang nghiêm",5,3
53,95,4,"Sẽ quay lại lần nữa.",1,2
53,98,3,"Khá thất vọng, không được như mình tưởng",3,3
